{"cameraMode":{"drawMode":0,"name":"Shaded","section":"Shading Mode"},"sceneLighting":false,"audioPlay":false,"sceneViewState":{"showFog":true,"showMaterialUpdate":false,"showSkybox":false,"showFlares":true,"showImageEffects":true,"showParticleSystems":true},"in2DMode":false,"pivot":{"x":0.18062597513198853,"y":-0.16882821917533875,"z":0.014221727848052979},"rotation":{"x":-0.22077696025371552,"y":0.18507172167301179,"z":-0.04271099343895912,"w":-0.9566522240638733},"size":0.6062209010124207,"orthographic":false}